"ID","Description","GeneRatio","BgRatio","RichFactor","FoldEnrichment","zScore","pvalue","p.adjust","qvalue","geneID","Count"
"GO:0050851","antigen receptor-mediated signaling pathway","16/137","215/18860",0.0744186046511628,10.2447801731455,11.6618250009291,4.07959024633316e-12,1.14962853141669e-08,9.07386756894945e-09,"HLA-A/CCR7/PDE4B/BCL2/THEMIS2/NFKBIZ/PRKCH/PDE4D/FOXP1/LCK/FYN/ITK/PIK3CD/RFTN1/PRKCB/WNK1",16
"GO:0030098","lymphocyte differentiation","21/137","441/18860",0.0476190476190476,6.55543969412583,10.0980287663491,8.29723917180673e-12,1.16908099930757e-08,9.22740335264611e-09,"SOCS3/CCR7/BCL2/NFKBIZ/IKZF1/TGFBR2/LEF1/DOCK10/JUNB/JAK1/FOXP1/XBP1/LCK/ATM/RUNX1/BCL11B/ITK/PIK3CD/GPR183/RASGRP1/ITGA4",21
"GO:0022904","respiratory electron transport chain","12/137","115/18860",0.104347826086957,14.3649635036496,12.2971896288491,4.32041530716732e-11,4.05831011186584e-08,3.20317106808581e-08,"MT-CO3/MT-ND5/MT-CYB/MT-CO2/MT-ND1/MT-ND4/MT-CO1/MT-ND2/MT-ND3/MT-ND4L/MT-ND6/IMMP2L",12
"GO:0006119","oxidative phosphorylation","13/137","148/18860",0.0878378378378378,12.0921286249753,11.588241717675,5.83164198786533e-11,4.09595077505703e-08,3.23288035101248e-08,"MT-CO3/MT-ND5/MT-CYB/MT-CO2/MT-ATP8/MT-ND1/MT-ATP6/MT-ND4/MT-CO1/MT-ND2/MT-ND3/MT-ND4L/MT-ND6",13
"GO:0019646","aerobic electron transport chain","11/137","93/18860",0.118279569892473,16.2828663370222,12.6380700222512,7.26747830918564e-11,4.09595077505703e-08,3.23288035101248e-08,"MT-CO3/MT-ND5/MT-CYB/MT-CO2/MT-ND1/MT-ND4/MT-CO1/MT-ND2/MT-ND3/MT-ND4L/MT-ND6",11
"GO:0022900","electron transport chain","12/137","125/18860",0.096,13.2157664233577,11.721434714735,1.1606130194127e-10,5.45101248117497e-08,4.30241282459479e-08,"MT-CO3/MT-ND5/MT-CYB/MT-CO2/MT-ND1/MT-ND4/MT-CO1/MT-ND2/MT-ND3/MT-ND4L/MT-ND6/IMMP2L",12
"GO:0042773","ATP synthesis coupled electron transport","11/137","100/18860",0.11,15.1430656934307,12.129950729227,1.61726286350378e-10,5.69680843669206e-08,4.4964163560309e-08,"MT-CO3/MT-ND5/MT-CYB/MT-CO2/MT-ND1/MT-ND4/MT-CO1/MT-ND2/MT-ND3/MT-ND4L/MT-ND6",11
"GO:0042775","mitochondrial ATP synthesis coupled electron transport","11/137","100/18860",0.11,15.1430656934307,12.129950729227,1.61726286350378e-10,5.69680843669206e-08,4.4964163560309e-08,"MT-CO3/MT-ND5/MT-CYB/MT-CO2/MT-ND1/MT-ND4/MT-CO1/MT-ND2/MT-ND3/MT-ND4L/MT-ND6",11
"GO:0030217","T cell differentiation","17/137","330/18860",0.0515151515151515,7.09179385091794,9.54984567913476,2.82684299062569e-10,8.85115949731466e-08,6.98610437332407e-08,"SOCS3/CCR7/BCL2/NFKBIZ/TGFBR2/LEF1/JUNB/JAK1/FOXP1/XBP1/LCK/RUNX1/BCL11B/ITK/PIK3CD/GPR183/RASGRP1",17
"GO:0046631","alpha-beta T cell activation","14/137","206/18860",0.0679611650485437,9.35582169938346,10.3149869621522,3.21511147475418e-10,9.06018413585729e-08,7.15108478542694e-08,"HLA-A/SOCS3/BCL2/NFKBIZ/TGFBR2/LEF1/JUNB/JAK1/FOXP1/RUNX1/BCL11B/ITK/GPR183/PRKCQ",14
"GO:0046632","alpha-beta T cell differentiation","12/137","143/18860",0.0839160839160839,11.5522433770609,10.8349420525562,5.60238451140862e-10,1.43522905028632e-07,1.13280750934033e-07,"SOCS3/BCL2/NFKBIZ/TGFBR2/LEF1/JUNB/JAK1/FOXP1/RUNX1/BCL11B/ITK/GPR183",12
"GO:0050852","T cell receptor signaling pathway","12/137","153/18860",0.0784313725490196,10.7971947903249,10.4082395792624,1.22392410341574e-09,2.87418176952131e-07,2.26855406185743e-07,"HLA-A/CCR7/PDE4B/THEMIS2/NFKBIZ/PDE4D/LCK/FYN/ITK/PIK3CD/RFTN1/WNK1",12
"GO:0042776","proton motive force-driven mitochondrial ATP synthesis","9/137","68/18860",0.132352941176471,18.2202662086732,12.1685746471679,1.48100261437434e-09,2.9988215640724e-07,2.36693062077807e-07,"MT-ND5/MT-ATP8/MT-ND1/MT-ATP6/MT-ND4/MT-ND2/MT-ND3/MT-ND4L/MT-ND6",9
"GO:1902600","proton transmembrane transport","13/137","192/18860",0.0677083333333333,9.32101581508516,9.91311081147475,1.48983328236386e-09,2.9988215640724e-07,2.36693062077807e-07,"MT-CO3/MT-ND5/MT-CYB/MT-CO2/MT-ATP8/MT-ND1/MT-ATP6/MT-ND4/MT-CO1/MT-ND2/MT-ND3/MT-ND4L/MT-ND6",13
"GO:0002768","immune response-regulating cell surface receptor signaling pathway","17/137","385/18860",0.0441558441558442,6.07868044364395,8.61233518351906,2.95286597914185e-09,5.54745088614781e-07,4.37853039573805e-07,"HLA-A/CCR7/PDE4B/BCL2/THEMIS2/NFKBIZ/PRKCH/PDE4D/FOXP1/LCK/FYN/ITK/PIK3CD/PRKCQ/RFTN1/PRKCB/WNK1",17
"GO:0015986","proton motive force-driven ATP synthesis","9/137","76/18860",0.118421052631579,16.3023434498655,11.4341160749451,4.07682523864597e-09,7.18030845156522e-07,5.66732350609141e-07,"MT-ND5/MT-ATP8/MT-ND1/MT-ATP6/MT-ND4/MT-ND2/MT-ND3/MT-ND4L/MT-ND6",9
"GO:0050853","B cell receptor signaling pathway","9/137","78/18860",0.115384615384615,15.8843346434587,11.2677630103669,5.15502737273143e-09,8.54521596256303e-07,6.74462714463251e-07,"BCL2/NFKBIZ/PRKCH/FOXP1/LCK/ITK/PIK3CD/RFTN1/PRKCB",9
"GO:0002429","immune response-activating cell surface receptor signaling pathway","16/137","353/18860",0.0453257790368272,6.23973863236906,8.5008207670756,6.14715897658116e-09,9.62371888666984e-07,7.59587539036023e-07,"HLA-A/CCR7/PDE4B/BCL2/THEMIS2/NFKBIZ/PRKCH/PDE4D/FOXP1/LCK/FYN/ITK/PIK3CD/RFTN1/PRKCB/WNK1",16
"GO:0030099","myeloid cell differentiation","18/137","481/18860",0.0374220374220374,5.15167610058121,7.88981751583749,1.30129494935007e-08,1.93002587750974e-06,1.52334417062421e-06,"KLF2/CCR7/IKZF1/TGFBR2/LEF1/JUNB/MYH9/FOXP1/UBASH3B/PRKCA/FBXW7/HIPK2/RUNX1/PIK3CD/GPR183/PRKX/PIP4K2A/KLF13",18
"GO:0007159","leukocyte cell-cell adhesion","17/137","439/18860",0.0387243735763098,5.33096120911827,7.85401719872769,2.06823992098183e-08,2.9141500486634e-06,2.30010050159716e-06,"HLA-A/CCR7/RIPOR2/NFKBIZ/TGFBR2/LEF1/SELPLG/XBP1/NCK2/LCK/FYN/RUNX1/PIK3CD/RASGRP1/ITGA4/PRKCQ/WNK1",17
"GO:0045333","cellular respiration","15/137","336/18860",0.0446428571428571,6.14572471324296,8.14105513997973,2.31084289056976e-08,3.10093107886933e-06,2.4475243246987e-06,"MT-CO3/MT-ND5/MT-CYB/MT-CO2/MT-ATP8/MT-ND1/MT-ATP6/MT-ND4/MT-CO1/MT-ND2/MT-ND3/MT-ND4L/MT-ND6/ZBTB20/IMMP2L",15
"GO:1903039","positive regulation of leukocyte cell-cell adhesion","14/137","289/18860",0.0484429065743945,6.6688556057889,8.30727460194615,2.52126396379822e-08,3.22950993181063e-06,2.54900993086394e-06,"HLA-A/CCR7/NFKBIZ/TGFBR2/LEF1/XBP1/NCK2/LCK/FYN/RUNX1/PIK3CD/RASGRP1/ITGA4/PRKCQ",14
"GO:0022409","positive regulation of cell-cell adhesion","15/137","343/18860",0.043731778425656,6.02030175991147,8.02644925605801,3.03598697049399e-08,3.71974403602264e-06,2.9359452945784e-06,"HLA-A/CCR7/NFKBIZ/TGFBR2/LEF1/JAK1/XBP1/NCK2/LCK/FYN/RUNX1/PIK3CD/RASGRP1/ITGA4/PRKCQ",15
"GO:0051251","positive regulation of lymphocyte activation","15/137","346/18860",0.0433526011560694,5.96810261170415,7.97830017429832,3.40584202537921e-08,3.98266472882372e-06,3.14346515707464e-06,"HLA-A/CCR7/BCL2/NFKBIZ/TGFBR2/LEF1/XBP1/NCK2/LCK/FYN/RUNX1/PIK3CD/GPR183/RASGRP1/PRKCQ",15
"GO:0009060","aerobic respiration","14/137","297/18860",0.0471380471380471,6.4892231315589,8.1563700695308,3.54893281597019e-08,3.98266472882372e-06,3.14346515707464e-06,"MT-CO3/MT-ND5/MT-CYB/MT-CO2/MT-ATP8/MT-ND1/MT-ATP6/MT-ND4/MT-CO1/MT-ND2/MT-ND3/MT-ND4L/MT-ND6/ZBTB20",14
"GO:1903037","regulation of leukocyte cell-cell adhesion","16/137","401/18860",0.0399002493765586,5.49283724994084,7.77894468760724,3.67456646378342e-08,3.98266472882372e-06,3.14346515707464e-06,"HLA-A/CCR7/RIPOR2/NFKBIZ/TGFBR2/LEF1/XBP1/NCK2/LCK/FYN/RUNX1/PIK3CD/RASGRP1/ITGA4/PRKCQ/WNK1",16
"GO:0035710","CD4-positive, alpha-beta T cell activation","10/137","138/18860",0.072463768115942,9.97566909975669,9.05236696928215,6.59755403234872e-08,6.66631301342718e-06,5.26163363242749e-06,"SOCS3/NFKBIZ/TGFBR2/LEF1/JUNB/JAK1/FOXP1/RUNX1/GPR183/PRKCQ",10
"GO:0006754","ATP biosynthetic process","9/137","104/18860",0.0865384615384615,11.913250982594,9.54624543668177,6.62373187991345e-08,6.66631301342718e-06,5.26163363242749e-06,"MT-ND5/MT-ATP8/MT-ND1/MT-ATP6/MT-ND4/MT-ND2/MT-ND3/MT-ND4L/MT-ND6",9
"GO:0050870","positive regulation of T cell activation","13/137","267/18860",0.048689138576779,6.70275294567921,8.02781487178204,7.69328838469353e-08,7.47575402347116e-06,5.90051483007529e-06,"HLA-A/CCR7/NFKBIZ/TGFBR2/LEF1/XBP1/NCK2/LCK/FYN/RUNX1/PIK3CD/RASGRP1/PRKCQ",13
"GO:0006120","mitochondrial electron transport, NADH to ubiquinone","7/137","52/18860",0.134615384615385,18.5317237507019,10.8289631974296,9.3186711243062e-08,8.75333840943162e-06,6.90889546865228e-06,"MT-ND5/MT-ND1/MT-ND4/MT-ND2/MT-ND3/MT-ND4L/MT-ND6",7
"GO:0002696","positive regulation of leukocyte activation","15/137","381/18860",0.0393700787401575,5.41985171561584,7.45526095305586,1.19986849722019e-07,1.09071916940855e-05,8.6089036829415e-06,"HLA-A/CCR7/BCL2/NFKBIZ/TGFBR2/LEF1/XBP1/NCK2/LCK/FYN/RUNX1/PIK3CD/GPR183/RASGRP1/PRKCQ",15
"GO:0009206","purine ribonucleoside triphosphate biosynthetic process","9/137","115/18860",0.0782608695652174,10.7737226277372,8.99286559968815,1.58497658519523e-07,1.39577000533755e-05,1.10166300148603e-05,"MT-ND5/MT-ATP8/MT-ND1/MT-ATP6/MT-ND4/MT-ND2/MT-ND3/MT-ND4L/MT-ND6",9
"GO:0009145","purine nucleoside triphosphate biosynthetic process","9/137","116/18860",0.0775862068965517,10.6808457085326,8.94629161638832,1.7078114210122e-07,1.45836744982193e-05,1.15107034532656e-05,"MT-ND5/MT-ATP8/MT-ND1/MT-ATP6/MT-ND4/MT-ND2/MT-ND3/MT-ND4L/MT-ND6",9
"GO:0046034","ATP metabolic process","12/137","241/18860",0.0497925311203319,6.85465063452161,7.82461945223121,1.9585037727107e-07,1.62325400926433e-05,1.2812131491448e-05,"MT-ND5/MT-ATP8/MT-ND1/MT-ATP6/MT-ND4/MT-ND2/MT-ND3/MT-ND4L/MT-ND6/ZBTB20/TSPO/AK5",12
"GO:0050867","positive regulation of cell activation","15/137","401/18860",0.0374064837905237,5.14953492181954,7.1845475009258,2.31859958326174e-07,1.86680389303759e-05,1.47344388554348e-05,"HLA-A/CCR7/BCL2/NFKBIZ/TGFBR2/LEF1/XBP1/NCK2/LCK/FYN/RUNX1/PIK3CD/GPR183/RASGRP1/PRKCQ",15
"GO:0009201","ribonucleoside triphosphate biosynthetic process","9/137","121/18860",0.0743801652892562,10.2394884478494,8.72166299534992,2.45444073293976e-07,1.92128166261784e-05,1.51644247622857e-05,"MT-ND5/MT-ATP8/MT-ND1/MT-ATP6/MT-ND4/MT-ND2/MT-ND3/MT-ND4L/MT-ND6",9
"GO:0050863","regulation of T cell activation","15/137","404/18860",0.0371287128712871,5.11129580111296,7.14549815915656,2.55062301132276e-07,1.94260963402907e-05,1.53327636498577e-05,"HLA-A/CCR7/RIPOR2/NFKBIZ/TGFBR2/LEF1/JUNB/XBP1/NCK2/LCK/FYN/RUNX1/PIK3CD/RASGRP1/PRKCQ",15
"GO:0009152","purine ribonucleotide biosynthetic process","10/137","163/18860",0.0613496932515337,8.4456585016345,8.16662937672873,3.15146830487451e-07,2.33706254819378e-05,1.84461288869802e-05,"MT-ND5/MT-ATP8/MT-ND1/MT-ATP6/MT-ND4/MT-ND2/MT-ND3/MT-ND4L/MT-ND6/AK5",10
"GO:0002573","myeloid leukocyte differentiation","12/137","257/18860",0.0466926070038911,6.42790195688602,7.49443605310551,3.90665223854202e-07,2.82280666877216e-05,2.22800436708213e-05,"CCR7/TGFBR2/LEF1/JUNB/MYH9/FOXP1/UBASH3B/PRKCA/FBXW7/RUNX1/PIK3CD/GPR183",12
"GO:0009142","nucleoside triphosphate biosynthetic process","9/137","129/18860",0.0697674418604651,9.60448141232389,8.38824234419111,4.23970090733031e-07,2.95418410187244e-05,2.33169885594728e-05,"MT-ND5/MT-ATP8/MT-ND1/MT-ATP6/MT-ND4/MT-ND2/MT-ND3/MT-ND4L/MT-ND6",9
"GO:0009150","purine ribonucleotide metabolic process","14/137","364/18860",0.0384615384615385,5.29477821448624,7.07757402027767,4.29813868618772e-07,2.95418410187244e-05,2.33169885594728e-05,"MT-ND5/MT-ATP8/MT-ND1/MT-ATP6/MT-ND4/PDE4B/MT-ND2/MT-ND3/MT-ND4L/MT-ND6/PDE4D/ZBTB20/TSPO/AK5",14
"GO:0009205","purine ribonucleoside triphosphate metabolic process","12/137","264/18860",0.0454545454545455,6.25746516257465,7.35868975795378,5.20231060541839e-07,3.49050268715929e-05,2.75500809755615e-05,"MT-ND5/MT-ATP8/MT-ND1/MT-ATP6/MT-ND4/MT-ND2/MT-ND3/MT-ND4L/MT-ND6/ZBTB20/TSPO/AK5",12
"GO:0015980","energy derivation by oxidation of organic compounds","15/137","434/18860",0.0345622119815668,4.75798042315584,6.77510047005487,6.32761399554293e-07,4.14679447428836e-05,3.27301061752318e-05,"MT-CO3/MT-ND5/MT-CYB/MT-CO2/MT-ATP8/MT-ND1/MT-ATP6/MT-ND4/MT-CO1/MT-ND2/MT-ND3/MT-ND4L/MT-ND6/ZBTB20/IMMP2L",15
"GO:0009144","purine nucleoside triphosphate metabolic process","12/137","271/18860",0.044280442804428,6.09583322110593,7.22776015687433,6.86692685225663e-07,4.39795451583163e-05,3.4712479518704e-05,"MT-ND5/MT-ATP8/MT-ND1/MT-ATP6/MT-ND4/MT-ND2/MT-ND3/MT-ND4L/MT-ND6/ZBTB20/TSPO/AK5",12
"GO:0009260","ribonucleotide biosynthetic process","10/137","179/18860",0.0558659217877095,7.69073930595767,7.69365059519832,7.47581271282294e-07,4.68152004994112e-05,3.69506251747249e-05,"MT-ND5/MT-ATP8/MT-ND1/MT-ATP6/MT-ND4/MT-ND2/MT-ND3/MT-ND4L/MT-ND6/AK5",10
"GO:0009259","ribonucleotide metabolic process","14/137","385/18860",0.0363636363636364,5.00597213005972,6.79325567000153,8.40027740577819e-07,5.1460829846702e-05,4.06173596302273e-05,"MT-ND5/MT-ATP8/MT-ND1/MT-ATP6/MT-ND4/PDE4B/MT-ND2/MT-ND3/MT-ND4L/MT-ND6/PDE4D/ZBTB20/TSPO/AK5",14
"GO:0046390","ribose phosphate biosynthetic process","10/137","185/18860",0.0540540540540541,7.44130992306175,7.53115610737285,1.01047707485027e-06,6.05856254665545e-05,4.78194414145268e-05,"MT-ND5/MT-ATP8/MT-ND1/MT-ATP6/MT-ND4/MT-ND2/MT-ND3/MT-ND4L/MT-ND6/AK5",10
"GO:0019693","ribose phosphate metabolic process","14/137","392/18860",0.0357142857142857,4.91657977059437,6.70304248723324,1.03998320804332e-06,6.10556808388765e-05,4.81904499692003e-05,"MT-ND5/MT-ATP8/MT-ND1/MT-ATP6/MT-ND4/PDE4B/MT-ND2/MT-ND3/MT-ND4L/MT-ND6/PDE4D/ZBTB20/TSPO/AK5",14
"GO:0009141","nucleoside triphosphate metabolic process","12/137","287/18860",0.0418118466898955,5.75599582898853,6.94501645812259,1.25608874460984e-06,7.22379200471536e-05,5.70164450560814e-05,"MT-ND5/MT-ATP8/MT-ND1/MT-ATP6/MT-ND4/MT-ND2/MT-ND3/MT-ND4L/MT-ND6/ZBTB20/TSPO/AK5",12
"GO:0042113","B cell activation","12/137","291/18860",0.0412371134020619,5.67687561140793,6.87764809769411,1.45169127639699e-06,8.18173203377344e-05,6.45773403584598e-05,"BCL2/THEMIS2/NFKBIZ/LEF1/DOCK10/XBP1/ATM/PIK3CD/GPR183/RASGRP1/ITGA4/PRKCB",12
"GO:0043367","CD4-positive, alpha-beta T cell differentiation","8/137","111/18860",0.0720720720720721,9.92174656408233,8.06406857612886,1.48641170672685e-06,8.21315331285544e-05,6.48253444027625e-05,"SOCS3/NFKBIZ/LEF1/JUNB/JAK1/FOXP1/RUNX1/GPR183",8
"GO:0070661","leukocyte proliferation","13/137","356/18860",0.0365168539325843,5.02706470925941,6.56164442726251,2.0188678222517e-06,0.000109407106213563,8.63535973363936e-05,"HLA-A/RIPOR2/BCL2/NFKBIZ/TGFBR2/LEF1/JUNB/NCK2/ATM/FYN/GPR183/RASGRP1/PRKCQ",13
"GO:0006164","purine nucleotide biosynthetic process","10/137","204/18860",0.0490196078431373,6.74824674395306,7.06111223125273,2.44716057247788e-06,0.000130115065910239,0.000102698118960194,"MT-ND5/MT-ATP8/MT-ND1/MT-ATP6/MT-ND4/MT-ND2/MT-ND3/MT-ND4L/MT-ND6/AK5",10
"GO:0046651","lymphocyte proliferation","12/137","312/18860",0.0384615384615385,5.29477821448624,6.54336866697187,2.99017184668731e-06,0.000156042671554905,0.00012316243883139,"HLA-A/RIPOR2/BCL2/NFKBIZ/TGFBR2/LEF1/NCK2/ATM/FYN/GPR183/RASGRP1/PRKCQ",12
"GO:0006091","generation of precursor metabolites and energy","15/137","494/18860",0.0303643724696356,4.18008806406809,6.12670862301263,3.14541669663447e-06,0.000161159713656653,0.000127201253205524,"MT-CO3/MT-ND5/MT-CYB/MT-CO2/MT-ATP8/MT-ND1/MT-ATP6/MT-ND4/MT-CO1/MT-ND2/MT-ND3/MT-ND4L/MT-ND6/ZBTB20/IMMP2L",15
"GO:0032943","mononuclear cell proliferation","12/137","319/18860",0.0376175548589342,5.17859185868247,6.4385876694593,3.75567795778434e-06,0.000188991080089934,0.000149168186556359,"HLA-A/RIPOR2/BCL2/NFKBIZ/TGFBR2/LEF1/NCK2/ATM/FYN/GPR183/RASGRP1/PRKCQ",12
"GO:0042093","T-helper cell differentiation","7/137","90/18860",0.0777777777777778,10.7072181670722,7.89615752931286,4.13821633078482e-06,0.000204587607371081,0.000161478321457956,"SOCS3/NFKBIZ/LEF1/JUNB/JAK1/FOXP1/GPR183",7
"GO:0002294","CD4-positive, alpha-beta T cell differentiation involved in immune response","7/137","92/18860",0.0760869565217391,10.4744525547445,7.79239460110033,4.7941499964244e-06,0.000232929563619379,0.000183848256668689,"SOCS3/NFKBIZ/LEF1/JUNB/JAK1/FOXP1/GPR183",7
"GO:0002287","alpha-beta T cell activation involved in immune response","7/137","93/18860",0.0752688172043011,10.3618240326505,7.7417013962895,5.15323635281658e-06,0.000242030334037286,0.000191031375675464,"SOCS3/NFKBIZ/LEF1/JUNB/JAK1/FOXP1/GPR183",7
"GO:0002293","alpha-beta T cell differentiation involved in immune response","7/137","93/18860",0.0752688172043011,10.3618240326505,7.7417013962895,5.15323635281658e-06,0.000242030334037286,0.000191031375675464,"SOCS3/NFKBIZ/LEF1/JUNB/JAK1/FOXP1/GPR183",7
"GO:0010720","positive regulation of cell development","14/137","451/18860",0.0310421286031042,4.27339084273391,6.01870324015279,5.31262029445134e-06,0.000245425639176457,0.000193711245594058,"BCL2/NFKBIZ/TGFBR2/LEF1/PRKCH/MACF1/XBP1/XRCC5/LCK/PRKCA/TSPO/RUNX1/RASGRP1/RFX3",14
"GO:0006163","purine nucleotide metabolic process","14/137","454/18860",0.0308370044052863,4.24515257725329,5.98708237559364,5.73047355383562e-06,0.00026045926572111,0.000205577090309927,"MT-ND5/MT-ATP8/MT-ND1/MT-ATP6/MT-ND4/PDE4B/MT-ND2/MT-ND3/MT-ND4L/MT-ND6/PDE4D/ZBTB20/TSPO/AK5",14
"GO:1902105","regulation of leukocyte differentiation","12/137","343/18860",0.0349854227405248,4.81624140792918,6.10139977126615,7.85285391305883e-06,0.00035125940201587,0.000277244449762629,"NFKBIZ/TGFBR2/LEF1/JUNB/FOXP1/UBASH3B/XBP1/LCK/PRKCA/FBXW7/RUNX1/RASGRP1",12
"GO:0071375","cellular response to peptide hormone stimulus","12/137","345/18860",0.0347826086956522,4.78832116788321,6.07472154248899,8.32679483179799e-06,0.000366639184937605,0.000289383511177453,"KLF2/SOCS3/IGF1R/PDE3B/JAK1/XBP1/PRKCA/FYN/PRKCQ/SESN3/PIP4K2A/PRKCB",12
"GO:0002292","T cell differentiation involved in immune response","7/137","101/18860",0.0693069306930693,9.54108549541086,7.36208469756794,8.91579290777061e-06,0.00038653391406304,0.000305086160552539,"SOCS3/NFKBIZ/LEF1/JUNB/JAK1/FOXP1/GPR183",7
"GO:0009165","nucleotide biosynthetic process","10/137","239/18860",0.0418410041841004,5.76000977308127,6.33486245870031,9.94431530494207e-06,0.000424592129232223,0.000335125011791748,"MT-ND5/MT-ATP8/MT-ND1/MT-ATP6/MT-ND4/MT-ND2/MT-ND3/MT-ND4L/MT-ND6/AK5",10
"GO:0045766","positive regulation of angiogenesis","9/137","191/18860",0.0471204188481675,6.48679634654336,6.51938894551023,1.09046751114623e-05,0.000458647380061205,0.000362004375656242,"TGFBR2/JAK1/XBP1/PRKCA/HIPK2/RUNX1/PIK3CD/PRKCB/WNK1",9
"GO:0010257","NADH dehydrogenase complex assembly","5/137","41/18860",0.121951219512195,16.7883211678832,8.65688213774012,1.14157726473402e-05,0.000466226772756591,0.000367986691133943,"MT-ND5/MT-ND1/MT-ND4/MT-ND2/MT-ND6",5
"GO:0032981","mitochondrial respiratory chain complex I assembly","5/137","41/18860",0.121951219512195,16.7883211678832,8.65688213774012,1.14157726473402e-05,0.000466226772756591,0.000367986691133943,"MT-ND5/MT-ND1/MT-ND4/MT-ND2/MT-ND6",5
"GO:0106070","regulation of adenylate cyclase-activating G protein-coupled receptor signaling pathway","4/137","20/18860",0.2,27.5328467153285,10.1552423437222,1.17950445178285e-05,0.000474834792160582,0.000374780888213107,"PDE4B/PDE3B/PDE4D/PRKCA",4
"GO:0030183","B cell differentiation","8/137","147/18860",0.054421768707483,7.49193107900094,6.75916042474504,1.20515675332274e-05,0.000478328412797674,0.000377538357267747,"BCL2/NFKBIZ/DOCK10/XBP1/ATM/PIK3CD/GPR183/ITGA4",8
"GO:1904018","positive regulation of vasculature development","9/137","195/18860",0.0461538461538462,6.35373385738349,6.42823850152048,1.28749622303592e-05,0.000503911716182668,0.000397730923870598,"TGFBR2/JAK1/XBP1/PRKCA/HIPK2/RUNX1/PIK3CD/PRKCB/WNK1",9
"GO:0045765","regulation of angiogenesis","12/137","365/18860",0.0328767123287671,4.52594740525947,5.8187137061612,1.46341813467627e-05,0.000564919493632566,0.000445883564321696,"KLF2/PDE3B/TGFBR2/JAK1/XBP1/PRKCA/FYN/HIPK2/RUNX1/PIK3CD/PRKCB/WNK1",12
"GO:0048872","homeostasis of number of cells","12/137","369/18860",0.032520325203252,4.47688564476886,5.76972728277663,1.63061175716716e-05,0.000620954585364468,0.000490111329003444,"KLF2/CCR7/PDE4B/BCL2/NFKBIZ/IKZF1/DOCK10/PACS1/HIPK2/PIK3CD/GPR183/KLF13",12
"GO:1901342","regulation of vasculature development","12/137","375/18860",0.032,4.40525547445255,5.6975415550161,1.91269006054692e-05,0.000718661412082831,0.000567230048833074,"KLF2/PDE3B/TGFBR2/JAK1/XBP1/PRKCA/FYN/HIPK2/RUNX1/PIK3CD/PRKCB/WNK1",12
"GO:1903706","regulation of hemopoiesis","13/137","443/18860",0.0293453724604966,4.03980820879537,5.53822374974944,2.11828618336289e-05,0.000785438219041659,0.000619936108787504,"NFKBIZ/TGFBR2/LEF1/JUNB/FOXP1/UBASH3B/XBP1/LCK/PRKCA/FBXW7/RUNX1/RASGRP1/KLF13",13
"GO:0002366","leukocyte activation involved in immune response","11/137","325/18860",0.0338461538461538,4.65940482874789,5.69229943330342,2.58335945730803e-05,0.000945442461129096,0.000746225363402854,"SOCS3/NFKBIZ/LEF1/DOCK10/JUNB/JAK1/FOXP1/XBP1/PIK3CD/GPR183/RASGRP1",11
"GO:0002263","cell activation involved in immune response","11/137","329/18860",0.033434650455927,4.60275552991813,5.63917029132531,2.88977489880134e-05,0.00104402380318233,0.000824034326743216,"SOCS3/NFKBIZ/LEF1/DOCK10/JUNB/JAK1/FOXP1/XBP1/PIK3CD/GPR183/RASGRP1",11
"GO:0072522","purine-containing compound biosynthetic process","10/137","273/18860",0.0366300366300366,5.04264591855833,5.75538358594789,3.12731113080782e-05,0.00111553959071094,0.000880480802051555,"MT-ND5/MT-ATP8/MT-ND1/MT-ATP6/MT-ND4/MT-ND2/MT-ND3/MT-ND4L/MT-ND6/AK5",10
"GO:0043434","response to peptide hormone","13/137","461/18860",0.0281995661605206,3.88207166268189,5.35907732601791,3.20444757780692e-05,0.00112876665928249,0.00089092075419816,"MT-CYB/KLF2/SOCS3/IGF1R/PDE3B/JAK1/XBP1/PRKCA/FYN/PRKCQ/SESN3/PIP4K2A/PRKCB",13
"GO:0050900","leukocyte migration","12/137","397/18860",0.0302267002518892,4.16113552372722,5.44526636574498,3.34417354397413e-05,0.00116344210455791,0.000918289629423956,"CCR7/PDE4B/RIPOR2/ITGA6/MYH9/SELPLG/LCK/FYN/PIK3CD/GPR183/ITGA4/WNK1",12
"GO:0045582","positive regulation of T cell differentiation","7/137","125/18860",0.056,7.70919708029197,6.43769804034263,3.57779553226865e-05,0.00121472624216061,0.000958767528178017,"NFKBIZ/TGFBR2/LEF1/XBP1/LCK/RUNX1/RASGRP1",7
"GO:0071887","leukocyte apoptotic process","7/137","125/18860",0.056,7.70919708029197,6.43769804034263,3.57779553226865e-05,0.00121472624216061,0.000958767528178017,"CCR7/BCL2/NFKBIZ/FOXP1/BCL11B/PIK3CD/PRKCQ",7
"GO:0072538","T-helper 17 type immune response","5/137","55/18860",0.0909090909090909,12.5149303251493,7.31539675825565,4.88466711963537e-05,0.00163868951703958,0.00129339619345734,"SOCS3/NFKBIZ/JUNB/JAK1/PRKCQ",5
"GO:0006979","response to oxidative stress","12/137","418/18860",0.0287081339712919,3.95208326057346,5.22089103779869,5.50178098787877e-05,0.00182400221456969,0.00143966108079106,"MT-ND5/MT-ND1/KLF2/MT-CO1/MT-ND3/BCL2/FOXP1/XBP1/ATM/PRKCA/FYN/SESN3",12
"GO:0002285","lymphocyte activation involved in immune response","9/137","235/18860",0.0382978723404255,5.27224724336077,5.63733785819324,5.58540572872228e-05,0.00183019457483016,0.00144454862971728,"SOCS3/NFKBIZ/LEF1/DOCK10/JUNB/JAK1/FOXP1/XBP1/GPR183",9
"GO:0070482","response to oxygen levels","11/137","357/18860",0.030812324929972,4.24175509619906,5.28962800359223,6.05595668334203e-05,0.00196157309582274,0.00154824397724159,"MT-ND5/MT-CYB/MT-CO2/MT-ND1/MT-ATP6/MT-ND4/MT-CO1/MT-ND2/BCL2/HIPK2/COMMD1",11
"GO:0050857","positive regulation of antigen receptor-mediated signaling pathway","4/137","30/18860",0.133333333333333,18.3552311435523,8.1376267231963,6.30607091814945e-05,0.00198700315470263,0.00156831558996177,"CCR7/PRKCH/FOXP1/LCK",4
"GO:2000107","negative regulation of leukocyte apoptotic process","5/137","58/18860",0.0862068965517241,11.867606342814,7.09051477580137,6.3227085745287e-05,0.00198700315470263,0.00156831558996177,"CCR7/BCL2/FOXP1/BCL11B/PRKCQ",5
"GO:0042100","B cell proliferation","6/137","94/18860",0.0638297872340425,8.78707873893462,6.47417645584989,6.34600013922059e-05,0.00198700315470263,0.00156831558996177,"BCL2/NFKBIZ/LEF1/ATM/GPR183/RASGRP1",6
"GO:0008286","insulin receptor signaling pathway","7/137","137/18860",0.0510948905109489,7.03393894187224,6.06324854604547,6.42072202630392e-05,0.00198830710660708,0.00156934478213767,"SOCS3/IGF1R/PDE3B/PRKCQ/SESN3/PIP4K2A/PRKCB",7
"GO:2000106","regulation of leukocyte apoptotic process","6/137","97/18860",0.0618556701030928,8.5153134171119,6.34766092800451,7.5660622600035e-05,0.00231751776616194,0.00182918644798483,"CCR7/BCL2/FOXP1/BCL11B/PIK3CD/PRKCQ",6
"GO:0045621","positive regulation of lymphocyte differentiation","7/137","141/18860",0.049645390070922,6.83439457472693,5.94834194173336,7.70176042806298e-05,0.00233371622433134,0.00184197167906022,"NFKBIZ/TGFBR2/LEF1/XBP1/LCK/RUNX1/RASGRP1",7
"GO:0002286","T cell activation involved in immune response","7/137","142/18860",0.0492957746478873,6.78626503546828,5.92031300315906,8.05261085171812e-05,0.00241406993405762,0.00190539381071449,"SOCS3/NFKBIZ/LEF1/JUNB/JAK1/FOXP1/GPR183",7
"GO:0045580","regulation of T cell differentiation","8/137","194/18860",0.0412371134020619,5.67687561140793,5.60096615994,8.74555795667819e-05,0.00259420866546517,0.00204757495428931,"NFKBIZ/TGFBR2/LEF1/JUNB/XBP1/LCK/RUNX1/RASGRP1",8
"GO:0033108","mitochondrial respiratory chain complex assembly","6/137","102/18860",0.0588235294117647,8.09789609274367,6.14848832410285,0.000100090482228552,0.00291259832598206,0.00229887574718916,"MT-ND5/MT-ND1/MT-ND4/MT-ND2/MT-ND6/IMMP2L",6
"GO:0045058","T cell selection","5/137","64/18860",0.078125,10.7550182481752,6.68678331520466,0.000101604240703823,0.00291259832598206,0.00229887574718916,"SOCS3/CCR7/BCL2/JAK1/BCL11B",5
"GO:0106072","negative regulation of adenylate cyclase-activating G protein-coupled receptor signaling pathway","3/137","13/18860",0.230769230769231,31.7686692869175,9.49273090571193,0.000101678331061152,0.00291259832598206,0.00229887574718916,"PDE4B/PDE3B/PDE4D",3
"GO:0002313","mature B cell differentiation involved in immune response","4/137","34/18860",0.117647058823529,16.1957921854873,7.58604949867927,0.000104338704261264,0.00291259832598206,0.00229887574718916,"NFKBIZ/DOCK10/XBP1/GPR183",4
"GO:1902107","positive regulation of leukocyte differentiation","8/137","199/18860",0.0402010050251256,5.53424054579467,5.5004159541885,0.000104390500682821,0.00291259832598206,0.00229887574718916,"NFKBIZ/TGFBR2/LEF1/XBP1/LCK/PRKCA/RUNX1/RASGRP1",8
"GO:1903708","positive regulation of hemopoiesis","8/137","199/18860",0.0402010050251256,5.53424054579467,5.5004159541885,0.000104390500682821,0.00291259832598206,0.00229887574718916,"NFKBIZ/TGFBR2/LEF1/XBP1/LCK/PRKCA/RUNX1/RASGRP1",8
"GO:0001666","response to hypoxia","10/137","317/18860",0.0315457413249211,4.34272030210228,5.13418562259723,0.000108961070956498,0.00301031664662169,0.00237600353902044,"MT-ND5/MT-CYB/MT-CO2/MT-ND1/MT-ND4/MT-CO1/MT-ND2/BCL2/HIPK2/COMMD1",10
"GO:0000302","response to reactive oxygen species","8/137","205/18860",0.0390243902439024,5.37226277372263,5.38415376415124,0.000128209833361083,0.00350772146030614,0.00276859864989237,"MT-ND5/KLF2/BCL2/FOXP1/ATM/PRKCA/FYN/SESN3",8
"GO:0032743","positive regulation of interleukin-2 production","4/137","37/18860",0.108108108108108,14.8826198461235,7.23035743723832,0.000146104858069294,0.00395887971191605,0.00312469195445767,"PDE4B/PDE4D/RUNX1/PRKCQ",4
"GO:0036293","response to decreased oxygen levels","10/137","330/18860",0.0303030303030303,4.17164344171643,4.97205029567239,0.000151266371577357,0.00405970128671421,0.00320426910419003,"MT-ND5/MT-CYB/MT-CO2/MT-ND1/MT-ND4/MT-CO1/MT-ND2/BCL2/HIPK2/COMMD1",10
"GO:1901293","nucleoside phosphate biosynthetic process","10/137","332/18860",0.0301204819277108,4.14651305953742,4.94784635008137,0.000158866617289746,0.00421507091957446,0.00332690032238648,"MT-ND5/MT-ATP8/MT-ND1/MT-ATP6/MT-ND4/MT-ND2/MT-ND3/MT-ND4L/MT-ND6/AK5",10
"GO:0001768","establishment of T cell polarity","3/137","15/18860",0.2,27.5328467153285,8.7935310588276,0.000160047050530329,0.00421507091957446,0.00332690032238648,"CCR7/RIPOR2/MYH9",3
"GO:0070229","negative regulation of lymphocyte apoptotic process","4/137","38/18860",0.105263157894737,14.490971955436,7.12088625159675,0.000162378250210077,0.0042368695286296,0.00334410567927771,"BCL2/FOXP1/BCL11B/PRKCQ",4
"GO:0072676","lymphocyte migration","6/137","114/18860",0.0526315789473684,7.24548597771802,5.72132017251786,0.000184640736382945,0.00477355591859761,0.00376770522430868,"CCR7/RIPOR2/PIK3CD/GPR183/ITGA4/WNK1",6
"GO:0001767","establishment of lymphocyte polarity","3/137","16/18860",0.1875,25.8120437956204,8.49313207557561,0.000195935159192076,0.00500176662500948,0.00394782894872998,"CCR7/RIPOR2/MYH9",3
"GO:0002335","mature B cell differentiation","4/137","40/18860",0.1,13.7664233576642,6.91387181941359,0.000198792711852754,0.00500176662500948,0.00394782894872998,"NFKBIZ/DOCK10/XBP1/GPR183",4
"GO:0034110","regulation of homotypic cell-cell adhesion","4/137","40/18860",0.1,13.7664233576642,6.91387181941359,0.000198792711852754,0.00500176662500948,0.00394782894872998,"JAK1/UBASH3B/PRKCA/PRKCQ",4
"GO:0032869","cellular response to insulin stimulus","8/137","219/18860",0.0365296803652968,5.0288304502883,5.12977527836111,0.000201616362092073,0.00502791954314568,0.00396847110480252,"SOCS3/IGF1R/PDE3B/XBP1/PRKCQ/SESN3/PIP4K2A/PRKCB",8
"GO:0048545","response to steroid hormone","10/137","343/18860",0.0291545189504373,4.01353450660765,4.81803344807158,0.00020667578377173,0.00510888033919944,0.0040323724017513,"MT-ND3/BCL2/JUNB/PTGER2/FOXP1/PRMT2/SMYD3/PRKCA/TSPO/TRERF1",10
"GO:0097305","response to alcohol","9/137","280/18860",0.0321428571428571,4.42492179353493,4.93899646200038,0.000210718144715292,0.00516351071137125,0.0040754914396651,"MT-CYB/MT-CO2/MT-ND4/CCR7/TGFBR2/PTGER2/PRKCA/TSPO/FYN",9
"GO:0072539","T-helper 17 cell differentiation","4/137","41/18860",0.0975609756097561,13.4306569343066,6.81584386526649,0.00021904967825334,0.00532139649411993,0.00420010862204453,"SOCS3/NFKBIZ/JUNB/JAK1",4
"GO:0001776","leukocyte homeostasis","6/137","118/18860",0.0508474576271186,6.99987628355808,5.59251589942435,0.000222799582664728,0.00536623268332653,0.00423549723950131,"PDE4B/BCL2/DOCK10/PACS1/PIK3CD/GPR183",6
"GO:0046635","positive regulation of alpha-beta T cell activation","5/137","76/18860",0.0657894736842105,9.05685747214752,6.02019186392221,0.000229637858524492,0.00548406343493235,0.00432849950992195,"HLA-A/NFKBIZ/TGFBR2/RUNX1/PRKCQ",5
"GO:0033151","V(D)J recombination","3/137","17/18860",0.176470588235294,24.293688278231,8.2190115575484,0.000236658482299775,0.00560423195899804,0.00442334695355529,"LEF1/ATM/BCL11B",3
"GO:0046626","regulation of insulin receptor signaling pathway","5/137","77/18860",0.0649350649350649,8.93923594653522,5.97136320164197,0.00024416547762353,0.00573381929952588,0.00452562854577647,"SOCS3/PRKCQ/SESN3/PIP4K2A/PRKCB",5
"GO:0045619","regulation of lymphocyte differentiation","8/137","227/18860",0.0352422907488987,4.85160294543233,4.99395864861184,0.000257136592686077,0.00598851998503609,0.00472666046407727,"NFKBIZ/TGFBR2/LEF1/JUNB/XBP1/LCK/RUNX1/RASGRP1",8
"GO:0043491","phosphatidylinositol 3-kinase/protein kinase B signal transduction","10/137","354/18860",0.0282485875706215,3.88882015753227,4.69351006060055,0.000266051025750316,0.00614534254560977,0.00485043845910629,"CCR7/IGF1R/PDE3B/XBP1/PRKCA/FYN/PIK3CD/RASGRP1/SESN3/PIK3R5",10
"GO:0072678","T cell migration","5/137","79/18860",0.0632911392405063,8.71292617573686,5.87631758316891,0.000275307171935892,0.00630744398792963,0.00497838300642311,"RIPOR2/PIK3CD/GPR183/ITGA4/WNK1",5
"GO:0016049","cell growth","12/137","499/18860",0.0240480961923848,3.31056273130202,4.47457474103337,0.000287442826031203,0.00653237003028975,0.00515591418848838,"BCL2/TGFBR2/CISH/FOXP1/PRMT2/MACF1/XBP1/RNF157/CYFIP2/ITGA4/PRKCQ/DIP2B",12
"GO:0046634","regulation of alpha-beta T cell activation","6/137","124/18860",0.0483870967741935,6.66117259241818,5.41016729037846,0.000291407185481909,0.00656948358950415,0.00518520743514336,"HLA-A/NFKBIZ/TGFBR2/JUNB/RUNX1/PRKCQ",6
"GO:0048588","developmental cell growth","8/137","238/18860",0.0336134453781513,4.62736919585352,4.81724764556328,0.000353360605895858,0.0079029379953534,0.0062376855493563,"TGFBR2/FOXP1/PRMT2/MACF1/RNF157/CYFIP2/ITGA4/DIP2B",8
"GO:0070227","lymphocyte apoptotic process","5/137","85/18860",0.0588235294117647,8.09789609274367,5.61023460350507,0.000387001334308389,0.00858716346520504,0.00677773575958248,"BCL2/NFKBIZ/FOXP1/BCL11B/PRKCQ",5
"GO:0002761","regulation of myeloid leukocyte differentiation","6/137","132/18860",0.0454545454545455,6.25746516257465,5.18500959088089,0.000407533588428987,0.00885542268319892,0.0069894692501585,"LEF1/FOXP1/UBASH3B/PRKCA/FBXW7/RUNX1",6
"GO:1904019","epithelial cell apoptotic process","5/137","86/18860",0.0581395348837209,8.0037345102699,5.56842518468455,0.00040851843464012,0.00885542268319892,0.0069894692501585,"BCL2/NFKBIZ/TGFBR2/LEF1/CAST",5
"GO:2000514","regulation of CD4-positive, alpha-beta T cell activation","5/137","86/18860",0.0581395348837209,8.0037345102699,5.56842518468455,0.00040851843464012,0.00885542268319892,0.0069894692501585,"NFKBIZ/TGFBR2/JUNB/RUNX1/PRKCQ",5
"GO:0010506","regulation of autophagy","10/137","377/18860",0.026525198938992,3.65157118240431,4.44856180732159,0.000437225508238283,0.00940535482607238,0.00742352349463634,"BCL2/XBP1/PIM2/ATM/TSPO/FBXW7/SESN3/CCNY/PIP4K2A/WNK1",10
"GO:0046777","protein autophosphorylation","6/137","134/18860",0.0447761194029851,6.16407016014816,5.13161326258659,0.00044154667041274,0.00942635240320531,0.00744009660751291,"PIM1/STK17B/IGF1R/LCK/ATM/PRKX",6
"GO:0051896","regulation of phosphatidylinositol 3-kinase/protein kinase B signal transduction","9/137","311/18860",0.0289389067524116,3.98385241861666,4.53867596973033,0.000454845503536777,0.00963725284937321,0.00760655757002936,"CCR7/IGF1R/PDE3B/XBP1/PRKCA/FYN/RASGRP1/SESN3/PIK3R5",9
"GO:0031295","T cell costimulation","4/137","50/18860",0.08,11.0131386861314,6.064468309468,0.000473607754623732,0.00988612335207168,0.00780298780132512,"CCR7/LCK/FYN/PIK3CD",4
"GO:0046627","negative regulation of insulin receptor signaling pathway","4/137","50/18860",0.08,11.0131386861314,6.064468309468,0.000473607754623732,0.00988612335207168,0.00780298780132512,"SOCS3/PRKCQ/PIP4K2A/PRKCB",4
"GO:0031294","lymphocyte costimulation","4/137","51/18860",0.0784313725490196,10.7971947903249,5.99288402000174,0.000511041575942252,0.0104356171087338,0.00823669603330265,"CCR7/LCK/FYN/PIK3CD",4
"GO:0043368","positive T cell selection","4/137","51/18860",0.0784313725490196,10.7971947903249,5.99288402000174,0.000511041575942252,0.0104356171087338,0.00823669603330265,"SOCS3/BCL2/JAK1/BCL11B",4
"GO:1900077","negative regulation of cellular response to insulin stimulus","4/137","51/18860",0.0784313725490196,10.7971947903249,5.99288402000174,0.000511041575942252,0.0104356171087338,0.00823669603330265,"SOCS3/PRKCQ/PIP4K2A/PRKCB",4
"GO:0043085","positive regulation of catalytic activity","9/137","318/18860",0.0283018867924528,3.89615755405592,4.45542719181518,0.000533953873407575,0.0108250504695147,0.00854407068921019,"PIM1/DOCK10/ITGA6/BCAS3/XRCC5/RASGRP1/RAPGEF1/PIK3R5/CCNY",9
"GO:0050670","regulation of lymphocyte proliferation","8/137","254/18860",0.031496062992126,4.33588137249267,4.57860147079564,0.000543968222113876,0.0109493032136922,0.00864214175433549,"HLA-A/RIPOR2/BCL2/TGFBR2/NCK2/ATM/GPR183/PRKCQ",8
"GO:0006123","mitochondrial electron transport, cytochrome c to oxygen","3/137","23/18860",0.130434782608696,17.956204379562,6.96014980196068,0.000597008284192868,0.0119316974812447,0.00941753269503195,"MT-CO3/MT-CO2/MT-CO1",3
"GO:0032944","regulation of mononuclear cell proliferation","8/137","258/18860",0.0310077519379845,4.26865840547728,4.52200944078183,0.000602737535583717,0.0119613688399642,0.00944095191021789,"HLA-A/RIPOR2/BCL2/TGFBR2/NCK2/ATM/GPR183/PRKCQ",8
"GO:0030162","regulation of proteolysis","10/137","398/18860",0.0251256281407035,3.45890034112167,4.24106555127969,0.000665548628458531,0.0131154967482248,0.0103518899663811,"MYH9/XBP1/RPL23/FBXW7/CYFIP2/HIPK2/RUNX1/COP1/GLG1/COMMD1",10
"GO:0046641","positive regulation of alpha-beta T cell proliferation","3/137","24/18860",0.125,17.2080291970803,6.79631321416887,0.000678682073581333,0.0132814311343902,0.010482859806121,"HLA-A/TGFBR2/PRKCQ",3
"GO:0071902","positive regulation of protein serine/threonine kinase activity","4/137","56/18860",0.0714285714285714,9.83315954118874,5.66261274378329,0.000730352210267317,0.0141940174381607,0.0112031522344453,"PIM1/RASGRP1/PIK3R5/CCNY",4
"GO:0070233","negative regulation of T cell apoptotic process","3/137","25/18860",0.12,16.5197080291971,6.64205754528874,0.000767146901617186,0.0148069860873783,0.0116869603685444,"BCL2/BCL11B/PRKCQ",3
"GO:0050671","positive regulation of lymphocyte proliferation","6/137","153/18860",0.0392156862745098,5.39859739516244,4.67293510860693,0.000887187734733218,0.0170074492277429,0.0134237571320536,"HLA-A/BCL2/TGFBR2/NCK2/GPR183/PRKCQ",6
"GO:0034109","homotypic cell-cell adhesion","5/137","103/18860",0.0485436893203883,6.6827297852739,4.94681676646879,0.000930745213107825,0.0177218919630936,0.0139876574345436,"JAK1/MYH9/UBASH3B/PRKCA/PRKCQ",5
"GO:0032946","positive regulation of mononuclear cell proliferation","6/137","155/18860",0.0387096774193548,5.32893807393454,4.62913942207404,0.000949077507206813,0.0179496672168376,0.0141674374618721,"HLA-A/BCL2/TGFBR2/NCK2/GPR183/PRKCQ",6
"GO:0001783","B cell apoptotic process","3/137","27/18860",0.111111111111111,15.2960259529603,6.35871487992418,0.000965313768559454,0.0181350279986703,0.0143137403015167,"BCL2/NFKBIZ/FOXP1",3
"GO:0032868","response to insulin","8/137","280/18860",0.0285714285714286,3.9332638164755,4.22998844500139,0.00102460056348559,0.0191213535622676,0.0150922341627401,"SOCS3/IGF1R/PDE3B/XBP1/PRKCQ/SESN3/PIP4K2A/PRKCB",8
"GO:0036037","CD8-positive, alpha-beta T cell activation","3/137","28/18860",0.107142857142857,14.7497393117831,6.22812259019893,0.00107543366476572,0.0196790393981156,0.0155324082956252,"HLA-A/BCL2/RUNX1",3
"GO:0046629","gamma-delta T cell activation","3/137","28/18860",0.107142857142857,14.7497393117831,6.22812259019893,0.00107543366476572,0.0196790393981156,0.0155324082956252,"LEF1/LCK/ITK",3
"GO:0141162","negative regulation of cAMP/PKA signal transduction","3/137","28/18860",0.107142857142857,14.7497393117831,6.22812259019893,0.00107543366476572,0.0196790393981156,0.0155324082956252,"PDE4B/PDE3B/PDE4D",3
"GO:0070663","regulation of leukocyte proliferation","8/137","284/18860",0.028169014084507,3.87786573455331,4.18008865028374,0.00112198017566312,0.0203983234517333,0.0161001297872745,"HLA-A/RIPOR2/BCL2/TGFBR2/NCK2/ATM/GPR183/PRKCQ",8
"GO:0070228","regulation of lymphocyte apoptotic process","4/137","63/18860",0.0634920634920635,8.74058625883443,5.26419240009604,0.00113897357926122,0.0205745355535776,0.0162392116935152,"BCL2/FOXP1/BCL11B/PRKCQ",4
"GO:0010818","T cell chemotaxis","3/137","29/18860",0.103448275862069,14.2411276113768,6.10406533629728,0.00119318048470276,0.0213998018460817,0.016890583579534,"PIK3CD/GPR183/WNK1",3
"GO:0051098","regulation of binding","5/137","109/18860",0.0458715596330275,6.31487309984598,4.76020687048858,0.00119984694523808,0.0213998018460817,0.016890583579534,"RIPOR2/LEF1/LDLRAP1/GZMA/ITGA4",5
"GO:1904062","regulation of monoatomic cation transmembrane transport","8/137","288/18860",0.0277777777777778,3.82400648824007,4.13108843167885,0.00122662419045436,0.0217397922559772,0.0171589335612715,"PDE4B/BCL2/PDE4D/UBASH3B/UTRN/FYN/WNK1/COMMD1",8
"GO:0042098","T cell proliferation","7/137","224/18860",0.03125,4.30200729927007,4.25262984184773,0.00126636671725262,0.0223038838076117,0.0176041636418077,"HLA-A/RIPOR2/TGFBR2/NCK2/FYN/RASGRP1/PRKCQ",7
"GO:0008347","glial cell migration","4/137","66/18860",0.0606060606060606,8.34328688343287,5.11192822040737,0.00135517460993157,0.023428724237958,0.0184919854748815,"SYNE2/TSPO/FYN/GPR183",4
"GO:0032623","interleukin-2 production","4/137","66/18860",0.0606060606060606,8.34328688343287,5.11192822040737,0.00135517460993157,0.023428724237958,0.0184919854748815,"PDE4B/PDE4D/RUNX1/PRKCQ",4
"GO:0032663","regulation of interleukin-2 production","4/137","66/18860",0.0606060606060606,8.34328688343287,5.11192822040737,0.00135517460993157,0.023428724237958,0.0184919854748815,"PDE4B/PDE4D/RUNX1/PRKCQ",4
"GO:0045637","regulation of myeloid cell differentiation","7/137","227/18860",0.0308370044052863,4.24515257725329,4.20763978240752,0.00136702960341016,0.0234895696488404,0.0185400099615255,"LEF1/FOXP1/UBASH3B/PRKCA/FBXW7/RUNX1/KLF13",7
"GO:0090330","regulation of platelet aggregation","3/137","31/18860",0.0967741935483871,13.3223451848364,5.87343930053247,0.00145233000339975,0.0248040360580636,0.0195775010984604,"UBASH3B/PRKCA/PRKCQ",3
"GO:1901654","response to ketone","7/137","232/18860",0.0301724137931034,4.1536622199849,4.13435674627639,0.00154860665508097,0.0262889973133626,0.0207495615864686,"CCR7/PTGER2/FOXP1/SMYD3/PRKCA/TSPO/TRERF1",7
"GO:0030316","osteoclast differentiation","5/137","117/18860",0.0427350427350427,5.88308690498472,4.53210253675984,0.00164319518331498,0.0277276887819258,0.021885101937249,"JUNB/FOXP1/UBASH3B/FBXW7/GPR183",5
"GO:0042594","response to starvation","7/137","235/18860",0.0297872340425532,4.10063674483616,4.09136829178916,0.0016662554924859,0.0277906235487526,0.0219347755252005,"PIM1/BCL2/PRKCH/XBP1/BCAS3/ATM/SESN3",7
"GO:0070665","positive regulation of leukocyte proliferation","6/137","173/18860",0.0346820809248555,4.77448208936332,4.26621288308858,0.00166742714317462,0.0277906235487526,0.0219347755252005,"HLA-A/BCL2/TGFBR2/NCK2/GPR183/PRKCQ",6
"GO:0034762","regulation of transmembrane transport","10/137","450/18860",0.0222222222222222,3.05920519059205,3.78190732300564,0.00167651029215328,0.0277906235487526,0.0219347755252005,"PIM1/PDE4B/BCL2/PDE4D/UBASH3B/UTRN/FYN/PRKCB/WNK1/COMMD1",10
"GO:0031401","positive regulation of protein modification process","9/137","375/18860",0.024,3.30394160583942,3.85486585017851,0.00169511568050041,0.0279347133780711,0.0220485037420583,"PIM1/XBP1/XRCC5/FBXW7/RASGRP1/PIK3R5/CCNY/DIP2B/COMMD1",9
"GO:0010959","regulation of metal ion transport","9/137","377/18860",0.0238726790450928,3.28641406416387,3.83593484084391,0.00175770697162085,0.0287977805001603,0.0227297113282427,"PDE4B/BCL2/PDE4D/UBASH3B/UTRN/TSPO/FYN/WNK1/COMMD1",9
"GO:0048732","gland development","10/137","454/18860",0.0220264317180617,3.03225184089521,3.74936428711461,0.00178910263314545,0.0291427238162073,0.0230019705739965,"MT-CO2/BCL2/TGFBR2/LEF1/XBP1/ATM/TSPO/FBXW7/HIPK2/BCL11B",10
"GO:0010508","positive regulation of autophagy","6/137","176/18860",0.0340909090909091,4.69309887193099,4.210602408589,0.00181903746583027,0.0294600435558029,0.0232524268923132,"XBP1/PIM2/ATM/SESN3/CCNY/PIP4K2A",6
"GO:0002562","somatic diversification of immune receptors via germline recombination within a single locus","4/137","72/18860",0.0555555555555556,7.64801297648013,4.83447953488435,0.0018706988246219,0.0299524391351393,0.0236410682800603,"NFKBIZ/LEF1/ATM/BCL11B",4
"GO:0016444","somatic cell DNA recombination","4/137","72/18860",0.0555555555555556,7.64801297648013,4.83447953488435,0.0018706988246219,0.0299524391351393,0.0236410682800603,"NFKBIZ/LEF1/ATM/BCL11B",4
"GO:0002363","alpha-beta T cell lineage commitment","3/137","34/18860",0.0882352941176471,12.1468441391155,5.5647320232605,0.00190296128682078,0.0302968638771805,0.0239129182221368,"SOCS3/BCL2/JAK1",3
"GO:0045123","cellular extravasation","4/137","74/18860",0.0540540540540541,7.44130992306175,4.74902867341643,0.00206902171690459,0.0325726435655706,0.0257091613514813,"RIPOR2/SELPLG/PIK3CD/ITGA4",4
"GO:0050854","regulation of antigen receptor-mediated signaling pathway","4/137","74/18860",0.0540540540540541,7.44130992306175,4.74902867341643,0.00206902171690459,0.0325726435655706,0.0257091613514813,"CCR7/PRKCH/FOXP1/LCK",4
"GO:0051056","regulation of small GTPase mediated signal transduction","8/137","314/18860",0.0254777070063694,3.5073690083221,3.83256778762695,0.00211133708819871,0.0330541550807997,0.0260892120898472,"CCR7/RIPOR2/DOCK10/ARHGEF18/ARHGAP25/RASGRP1/ARHGAP15/WNK1",8
"GO:0007160","cell-matrix adhesion","7/137","246/18860",0.0284552845528455,3.91727493917275,3.93964378172875,0.0021582713723034,0.0336022581610551,0.0265218226791339,"CCR7/BCL2/LEF1/ITGA6/MACF1/UTRN/ITGA4",7
"GO:0032570","response to progesterone","3/137","36/18860",0.0833333333333333,11.4720194647202,5.37969469132469,0.00224668534395935,0.0338300353701095,0.0267016042497634,"PTGER2/TSPO/TRERF1",3
"GO:0043369","CD4-positive or CD8-positive, alpha-beta T cell lineage commitment","3/137","36/18860",0.0833333333333333,11.4720194647202,5.37969469132469,0.00224668534395935,0.0338300353701095,0.0267016042497634,"SOCS3/BCL2/JAK1",3
"GO:0071353","cellular response to interleukin-4","3/137","36/18860",0.0833333333333333,11.4720194647202,5.37969469132469,0.00224668534395935,0.0338300353701095,0.0267016042497634,"LEF1/JAK1/XBP1",3
"GO:0034351","negative regulation of glial cell apoptotic process","2/137","10/18860",0.2,27.5328467153285,7.17893574086664,0.00226894133603645,0.0338300353701095,0.0267016042497634,"PRKCH/PRKCA",2
"GO:0038083","peptidyl-tyrosine autophosphorylation","2/137","10/18860",0.2,27.5328467153285,7.17893574086664,0.00226894133603645,0.0338300353701095,0.0267016042497634,"IGF1R/LCK",2
"GO:0097021","lymphocyte migration into lymphoid organs","2/137","10/18860",0.2,27.5328467153285,7.17893574086664,0.00226894133603645,0.0338300353701095,0.0267016042497634,"CCR7/WNK1",2
"GO:1901983","regulation of protein acetylation","2/137","10/18860",0.2,27.5328467153285,7.17893574086664,0.00226894133603645,0.0338300353701095,0.0267016042497634,"XBP1/DIP2B",2
"GO:2000563","positive regulation of CD4-positive, alpha-beta T cell proliferation","2/137","10/18860",0.2,27.5328467153285,7.17893574086664,0.00226894133603645,0.0338300353701095,0.0267016042497634,"TGFBR2/PRKCQ",2
"GO:0034765","regulation of monoatomic ion transmembrane transport","8/137","318/18860",0.0251572327044025,3.46325115916081,3.789447221,0.00228338720983128,0.0338662376700239,0.0267301782513767,"PDE4B/BCL2/PDE4D/UBASH3B/UTRN/FYN/WNK1/COMMD1",8
"GO:0022604","regulation of cell morphogenesis","7/137","249/18860",0.0281124497991968,3.87007885556826,3.89978391204014,0.00231019916716124,0.0340845091783265,0.0269024570967853,"MYH9/ARHGEF18/MACF1/FYN/RNF157/ATP10A/ARHGAP15",7
"GO:0044092","negative regulation of molecular function","8/137","319/18860",0.0250783699059561,3.45239457245498,3.77877476165767,0.00232807562698323,0.0341693599835351,0.026969428727059,"PIM1/RIPOR2/LEF1/PRMT2/GZMA/RPL23/ITGA4/COMMD1",8
"GO:0070527","platelet aggregation","4/137","77/18860",0.051948051948052,7.15138875722817,4.62666391467265,0.00239304857926574,0.0348377543830212,0.0274969836805961,"MYH9/UBASH3B/PRKCA/PRKCQ",4
"GO:0060218","hematopoietic stem cell differentiation","3/137","37/18860",0.0810810810810811,11.1619648845926,5.29256287319468,0.00243203068094965,0.0348377543830212,0.0274969836805961,"BCL2/MLLT3/XRCC5",3
"GO:0071425","hematopoietic stem cell proliferation","3/137","37/18860",0.0810810810810811,11.1619648845926,5.29256287319468,0.00243203068094965,0.0348377543830212,0.0274969836805961,"PIM1/XRCC5/RUNX1",3
"GO:0045471","response to ethanol","5/137","128/18860",0.0390625,5.37750912408759,4.2508116818574,0.00243542853564769,0.0348377543830212,0.0274969836805961,"MT-CYB/MT-CO2/MT-ND4/PRKCA/FYN",5
"GO:0045860","positive regulation of protein kinase activity","5/137","128/18860",0.0390625,5.37750912408759,4.2508116818574,0.00243542853564769,0.0348377543830212,0.0274969836805961,"PIM1/XRCC5/RASGRP1/PIK3R5/CCNY",5
"GO:0033002","muscle cell proliferation","7/137","252/18860",0.0277777777777778,3.82400648824007,3.86053955929713,0.00247025920899332,0.0351575275300161,0.02774937644127,"PIM1/LDLRAP1/FOXP1/XBP1/XRCC5/PRKCA/RUNX1",7
"GO:0031397","negative regulation of protein ubiquitination","4/137","78/18860",0.0512820512820513,7.05970428598166,4.58732710886426,0.00250838193805518,0.0355207050323593,0.0280360276916721,"RPL23/TSPO/FYN/WNK1",4
"GO:0002200","somatic diversification of immune receptors","4/137","79/18860",0.0506329113924051,6.97034094058949,4.54867823797724,0.00262747925891488,0.0370211827581106,0.0292203351267744,"NFKBIZ/LEF1/ATM/BCL11B",4
"GO:0001952","regulation of cell-matrix adhesion","5/137","131/18860",0.0381679389312977,5.25436006017719,4.17969403162297,0.00269267758230925,0.0370362379668324,0.0292322180060203,"CCR7/BCL2/LEF1/MACF1/UTRN",5
"GO:0002460","adaptive immune response based on somatic recombination of immune receptors built from immunoglobulin superfamily domains","9/137","402/18860",0.0223880597014925,3.08203508007408,3.60944678711734,0.00270842065844966,0.0370362379668324,0.0292322180060203,"HLA-A/SOCS3/NFKBIZ/LEF1/JUNB/BACH2/JAK1/PRKCQ/RFTN1",9
"GO:0032970","regulation of actin filament-based process","9/137","402/18860",0.0223880597014925,3.08203508007408,3.60944678711734,0.00270842065844966,0.0370362379668324,0.0292322180060203,"CCR7/PDE4B/SSH2/MYH9/PDE4D/ARHGEF18/BCAS3/NCK2/CYFIP2",9
"GO:0001865","NK T cell differentiation","2/137","11/18860",0.181818181818182,25.0298606502986,6.81922990944098,0.00275997515011881,0.0370362379668324,0.0292322180060203,"TGFBR2/ITK",2
"GO:0002317","plasma cell differentiation","2/137","11/18860",0.181818181818182,25.0298606502986,6.81922990944098,0.00275997515011881,0.0370362379668324,0.0292322180060203,"NFKBIZ/XBP1",2
"GO:0007077","mitotic nuclear membrane disassembly","2/137","11/18860",0.181818181818182,25.0298606502986,6.81922990944098,0.00275997515011881,0.0370362379668324,0.0292322180060203,"PRKCA/PRKCB",2
"GO:0045586","regulation of gamma-delta T cell differentiation","2/137","11/18860",0.181818181818182,25.0298606502986,6.81922990944098,0.00275997515011881,0.0370362379668324,0.0292322180060203,"LEF1/LCK",2
"GO:0046645","positive regulation of gamma-delta T cell activation","2/137","11/18860",0.181818181818182,25.0298606502986,6.81922990944098,0.00275997515011881,0.0370362379668324,0.0292322180060203,"LEF1/LCK",2
"GO:0061470","T follicular helper cell differentiation","2/137","11/18860",0.181818181818182,25.0298606502986,6.81922990944098,0.00275997515011881,0.0370362379668324,0.0292322180060203,"FOXP1/GPR183",2
"GO:2000197","regulation of ribonucleoprotein complex localization","2/137","11/18860",0.181818181818182,25.0298606502986,6.81922990944098,0.00275997515011881,0.0370362379668324,0.0292322180060203,"NEAT1/WNK1",2
"GO:0070670","response to interleukin-4","3/137","39/18860",0.0769230769230769,10.5895564289725,5.12792152579019,0.00283045987293178,0.0376237543486875,0.0296959369985345,"LEF1/JAK1/XBP1",3
"GO:2000316","regulation of T-helper 17 type immune response","3/137","39/18860",0.0769230769230769,10.5895564289725,5.12792152579019,0.00283045987293178,0.0376237543486875,0.0296959369985345,"NFKBIZ/JUNB/PRKCQ",3
"GO:0060326","cell chemotaxis","8/137","330/18860",0.0242424242424242,3.33731475337315,3.66410875754029,0.00286644997033806,0.037887715611575,0.0299042781693841,"CCR7/PDE4B/RIPOR2/LEF1/PIK3CD/GPR183/PRKCQ/WNK1",8
"GO:1900076","regulation of cellular response to insulin stimulus","4/137","81/18860",0.0493827160493827,6.79823375687123,4.47336044952666,0.00287720764403018,0.037887715611575,0.0299042781693841,"SOCS3/PRKCQ/PIP4K2A/PRKCB",4
"GO:0055088","lipid homeostasis","6/137","194/18860",0.0309278350515464,4.25765670855595,3.9013278310882,0.00295918921685673,0.0387354791072324,0.0305734068034746,"LDLRAP1/XBP1/ZBTB20/TSPO/FBXW7/COMMD1",6
"GO:0050864","regulation of B cell activation","5/137","134/18860",0.0373134328358209,5.1367251334568,4.11072524195007,0.00296907859728963,0.0387354791072324,0.0305734068034746,"BCL2/THEMIS2/XBP1/ATM/GPR183",5
"GO:0046637","regulation of alpha-beta T cell differentiation","4/137","82/18860",0.0487804878048781,6.71532846715328,4.43665183498496,0.00300795873391587,0.0388791009306783,0.0306867656294211,"NFKBIZ/TGFBR2/JUNB/RUNX1",4
"GO:0007189","adenylate cyclase-activating G protein-coupled receptor signaling pathway","6/137","195/18860",0.0307692307692308,4.235822571589,3.88525836227189,0.00303527402581591,0.0388791009306783,0.0306867656294211,"PDE4B/PDE3B/PTGER2/PDE4D/PRKCA/PRKX",6
"GO:0097553","calcium ion transmembrane import into cytosol","6/137","195/18860",0.0307692307692308,4.235822571589,3.88525836227189,0.00303527402581591,0.0388791009306783,0.0306867656294211,"CCR7/BCL2/PDE4D/UBASH3B/LCK/FYN",6
"GO:2001242","regulation of intrinsic apoptotic signaling pathway","6/137","195/18860",0.0307692307692308,4.235822571589,3.88525836227189,0.00303527402581591,0.0388791009306783,0.0306867656294211,"BCL2/XBP1/NCK2/LCK/FBXW7/FYN",6
"GO:0097193","intrinsic apoptotic signaling pathway","8/137","335/18860",0.0238805970149254,3.28750408541235,3.61357496499314,0.003141215566087,0.0398926464637002,0.0314867438563366,"BCL2/XBP1/NCK2/LCK/ATM/FBXW7/FYN/HIPK2",8
"GO:0030593","neutrophil chemotaxis","4/137","83/18860",0.0481927710843374,6.63442089525987,4.40055166480058,0.00314271380941854,0.0398926464637002,0.0314867438563366,"CCR7/PDE4B/RIPOR2/PIK3CD",4
"GO:0014902","myotube differentiation","5/137","137/18860",0.0364963503649635,5.02424210133731,4.04378968778519,0.00326542917310953,0.040740416591103,0.032155877724777,"RIPOR2/BCL2/MYH9/XBP1/SMYD3",5
"GO:0033674","positive regulation of kinase activity","5/137","137/18860",0.0364963503649635,5.02424210133731,4.04378968778519,0.00326542917310953,0.040740416591103,0.032155877724777,"PIM1/XRCC5/RASGRP1/PIK3R5/CCNY",5
"GO:0033629","negative regulation of cell adhesion mediated by integrin","2/137","12/18860",0.166666666666667,22.9440389294404,6.50438810175624,0.00329624378380819,0.040740416591103,0.032155877724777,"PDE3B/WNK1",2
"GO:0034350","regulation of glial cell apoptotic process","2/137","12/18860",0.166666666666667,22.9440389294404,6.50438810175624,0.00329624378380819,0.040740416591103,0.032155877724777,"PRKCH/PRKCA",2
"GO:0071166","ribonucleoprotein complex localization","2/137","12/18860",0.166666666666667,22.9440389294404,6.50438810175624,0.00329624378380819,0.040740416591103,0.032155877724777,"NEAT1/WNK1",2
"GO:0071872","cellular response to epinephrine stimulus","2/137","12/18860",0.166666666666667,22.9440389294404,6.50438810175624,0.00329624378380819,0.040740416591103,0.032155877724777,"PDE4B/PDE4D",2
"GO:0016241","regulation of macroautophagy","6/137","199/18860",0.0301507537688442,4.150680409346,3.82204089418874,0.00335432678519149,0.0412772614876403,0.0325796023769691,"PIM2/ATM/TSPO/FBXW7/SESN3/PIP4K2A",6
"GO:0031396","regulation of protein ubiquitination","6/137","200/18860",0.03,4.12992700729927,3.80649516805807,0.003437854398358,0.0421211899764037,0.0332457040902996,"RPL23/TSPO/FBXW7/FYN/WNK1/COMMD1",6
"GO:0043087","regulation of GTPase activity","5/137","139/18860",0.0359712230215827,4.95195084808066,4.00024239411292,0.00347447318111989,0.0423855646077742,0.0334543715274838,"RIPOR2/DOCK10/ITGA6/RASGRP1/RAPGEF1",5
"GO:0002360","T cell lineage commitment","3/137","42/18860",0.0714285714285714,9.83315954118874,4.90214195010104,0.00349962457296601,0.0425083708905957,0.0335513009195879,"SOCS3/BCL2/JAK1",3
"GO:0002262","myeloid cell homeostasis","6/137","201/18860",0.0298507462686567,4.10938010676544,3.79105039184675,0.00352292231516138,0.0426077042237114,0.033629703419634,"KLF2/PDE4B/IKZF1/HIPK2/PIK3CD/KLF13",6
"GO:0008360","regulation of cell shape","5/137","141/18860",0.0354609929078014,4.88171041051923,3.95752130659337,0.00369297416924358,0.0442842604635252,0.0349529873218889,"MYH9/ARHGEF18/FYN/ATP10A/ARHGAP15",5
"GO:0030168","platelet activation","5/137","141/18860",0.0354609929078014,4.88171041051923,3.95752130659337,0.00369297416924358,0.0442842604635252,0.0349529873218889,"MYH9/UBASH3B/LCK/PRKCA/PRKCQ",5
"GO:0046640","regulation of alpha-beta T cell proliferation","3/137","43/18860",0.0697674418604651,9.60448141232389,4.83187433969623,0.00374229961588862,0.0443100853679586,0.0349733705810379,"HLA-A/TGFBR2/PRKCQ",3
"GO:0070232","regulation of T cell apoptotic process","3/137","43/18860",0.0697674418604651,9.60448141232389,4.83187433969623,0.00374229961588862,0.0443100853679586,0.0349733705810379,"BCL2/BCL11B/PRKCQ",3
"GO:1902305","regulation of sodium ion transmembrane transport","3/137","43/18860",0.0697674418604651,9.60448141232389,4.83187433969623,0.00374229961588862,0.0443100853679586,0.0349733705810379,"UTRN/WNK1/COMMD1",3
"GO:0046643","regulation of gamma-delta T cell activation","2/137","13/18860",0.153846153846154,21.179112857945,6.22564747569082,0.00387707386612583,0.0453344155798448,0.0357818610138628,"LEF1/LCK",2
"GO:0097048","dendritic cell apoptotic process","2/137","13/18860",0.153846153846154,21.179112857945,6.22564747569082,0.00387707386612583,0.0453344155798448,0.0357818610138628,"CCR7/BCL2",2
"GO:2000668","regulation of dendritic cell apoptotic process","2/137","13/18860",0.153846153846154,21.179112857945,6.22564747569082,0.00387707386612583,0.0453344155798448,0.0357818610138628,"CCR7/BCL2",2
"GO:0033077","T cell differentiation in thymus","4/137","89/18860",0.0449438202247191,6.18715656524235,4.19577847149291,0.00403860531407222,0.0468345258232737,0.0369658783999766,"CCR7/BCL2/BCL11B/RASGRP1",4
"GO:0043547","positive regulation of GTPase activity","4/137","89/18860",0.0449438202247191,6.18715656524235,4.19577847149291,0.00403860531407222,0.0468345258232737,0.0369658783999766,"DOCK10/ITGA6/RASGRP1/RAPGEF1",4
"GO:0032496","response to lipopolysaccharide","8/137","350/18860",0.0228571428571429,3.1466110531804,3.46749680237456,0.00409008876236106,0.0472371726734978,0.0372836822902024,"CCR7/PDE4B/NFKBIZ/PTGER2/FOXP1/XBP1/PRKCA/TSPO",8
"GO:0001701","in utero embryonic development","9/137","429/18860",0.020979020979021,2.88806084426522,3.38377967443473,0.004152370007594,0.0476881715033877,0.0376396497652902,"KLF2/MT-ND4/SOCS3/TGFBR2/LEF1/JUNB/MYH9/APBA2/MBNL1",9
"GO:0002520","immune system development","6/137","208/18860",0.0288461538461538,3.97108366086468,3.68566399679902,0.004162984453454,0.0476881715033877,0.0376396497652902,"BCL2/NFKBIZ/TGFBR2/LEF1/ATM/BCL11B",6
"GO:1903321","negative regulation of protein modification by small protein conjugation or removal","4/137","91/18860",0.043956043956044,6.05117510226999,4.13165878641893,0.00437189464214643,0.0498785388727475,0.039368478068849,"RPL23/TSPO/FYN/WNK1",4
